公牛ID (Bull_ID),母牛ID (Cow_ID),后代近交系数 (Inbreeding_Coefficient)
HO840M3269404443,220057,0.0078125
HO840M3269404786,220057,0
HO840M3275375277,220057,0
HO840M3250025924,220057,0
HO840M3252198074,220057,0.01171875